{
    "192": {
        "lambda": [
            16,
            32,
            64,
            128,
            256,
            512,
            1024,
            2048
        ],
        "loss": [
            0.1956879551211993,
            0.276667121052742,
            0.35910034577051797,
            0.48335046668847403,
            0.6338848501443863,
            0.8210540612538656,
            1.095276442170143,
            1.4212676028410594
        ],
        "kl": [
            0.086260058482488,
            0.13299367024252812,
            0.1882580613096555,
            0.2641641367226839,
            0.3612134421865145,
            0.46603525554140407,
            0.6067242468396823,
            0.7826807027061781
        ],
        "mse": [
            0.10942789676288764,
            0.1436734538525343,
            0.17084228383998076,
            0.21918632922073206,
            0.27267140075564383,
            0.35501880397399266,
            0.48855219731728233,
            0.6385869021217029
        ],
        "bppix": [
            0.37334087579843217,
            0.5756079255855523,
            0.8147969143764314,
            1.1433248700915903,
            1.5633625252347505,
            2.017040256147013,
            2.625954186308103,
            3.387508705181076
        ],
        "psnr": [
            27.98802128178563,
            29.878462856108243,
            32.1163110328878,
            34.154817054006664,
            36.2551270598072,
            38.26421587519337,
            40.01604256966544,
            41.91154673496487
        ]
    },
    "256": {
        "lambda": [
            16,
            32,
            64,
            128,
            256,
            512,
            1024,
            2048
        ],
        "loss": [
            0.18540323078632354,
            0.2604499991983175,
            0.33862266341845193,
            0.4552219664057096,
            0.5967434252301852,
            0.7741916735967,
            1.031856769323349,
            1.339796906709671
        ],
        "kl": [
            0.08127313411484162,
            0.12572046167527637,
            0.1778331640486916,
            0.25092784414688746,
            0.34330870608488717,
            0.4452925811211268,
            0.5828087573250135,
            0.7548079987366995
        ],
        "mse": [
            0.1041300947467486,
            0.13472953612605731,
            0.16078949893514316,
            0.20429412436981995,
            0.25343471926947436,
            0.3288990971942743,
            0.4490480033059915,
            0.5849889039993286
        ],
        "bppix": [
            0.35175704263495683,
            0.5441288597915767,
            0.7696770716359228,
            1.0860370691150196,
            1.4858693032880201,
            1.9272641955842886,
            2.5224459119383686,
            3.2668732698022778
        ],
        "psnr": [
            28.2059309954991,
            30.160041670461318,
            32.36737126586402,
            34.43921443708043,
            36.546842960412526,
            38.545538210566626,
            40.30903172225697,
            42.199555162257575
        ]
    },
    "384": {
        "lambda": [
            16,
            32,
            64,
            128,
            256,
            512,
            1024,
            2048
        ],
        "loss": [
            0.1502442347506682,
            0.2113550302882989,
            0.27656901106238363,
            0.3709292364617189,
            0.4893357867995898,
            0.6331514433026314,
            0.8438394020001093,
            1.1031359056631724
        ],
        "kl": [
            0.06482659690082074,
            0.10106176249682904,
            0.14313634801656008,
            0.20389323731263478,
            0.28294495654602847,
            0.3716485515236855,
            0.49345811108748117,
            0.6476430051028729
        ],
        "mse": [
            0.08541763698061307,
            0.11029326766729355,
            0.13343266099691392,
            0.1670359991490841,
            0.20639082913597426,
            0.2615028960009416,
            0.3503812956313292,
            0.4554928998152415
        ],
        "bppix": [
            0.28057502959956576,
            0.43740391073302043,
            0.619506298363344,
            0.8824672870252042,
            1.2246098569604955,
            1.6085265667103628,
            2.135728709257033,
            2.8030540551850214
        ],
        "psnr": [
            29.06436735079436,
            31.007085165762955,
            33.1388685712503,
            35.26072478384521,
            37.36215922078391,
            39.40895352933259,
            41.20901155568753,
            43.07643387875465
        ]
    },
    "512": {
        "lambda": [
            16,
            32,
            64,
            128,
            256,
            512,
            1024,
            2048
        ],
        "loss": [
            0.1365176477159063,
            0.19206167260805765,
            0.25304214333494507,
            0.3386105311413606,
            0.4474491856992245,
            0.5791817262768746,
            0.7721893707911174,
            1.0151501446962357
        ],
        "kl": [
            0.05832662217629452,
            0.09131838612568875,
            0.12994593847543,
            0.18608979458610217,
            0.25944651464621227,
            0.34192335965732734,
            0.4567942447960377,
            0.603965821613868
        ],
        "mse": [
            0.07819102580348651,
            0.10074328624953827,
            0.12309620243807634,
            0.15252073667943478,
            0.18800267477830251,
            0.23725836351513863,
            0.3153951272368431,
            0.41118431637684505
        ],
        "bppix": [
            0.25244258569663314,
            0.395233748416544,
            0.5624170830664957,
            0.8054124714282465,
            1.1229066001680488,
            1.479873406025159,
            1.9770443750215883,
            2.6140154871262666
        ],
        "psnr": [
            29.461129253656043,
            31.40865687990512,
            33.45347884742625,
            35.62805545418587,
            37.71130101939589,
            39.74747927587864,
            41.55869252530896,
            43.415138560259464
        ]
    },
    "768": {
        "lambda": [
            16,
            32,
            64,
            128,
            256,
            512,
            1024,
            2048
        ],
        "loss": [
            0.11807846445590257,
            0.1647366753468911,
            0.22003326714038848,
            0.2936641732851664,
            0.3902033361295859,
            0.5068977591892083,
            0.6818004012107849,
            0.9044548511505127
        ],
        "kl": [
            0.04888921548457195,
            0.07742140206197898,
            0.11120019887263576,
            0.15958663302784165,
            0.2236266168455283,
            0.2966846235096455,
            0.4016200793286165,
            0.5383595235645771
        ],
        "mse": [
            0.06918924891700347,
            0.08731527371952931,
            0.10883306836088498,
            0.13407754165430863,
            0.16657672002911567,
            0.2102131376663844,
            0.2801803161700567,
            0.3660953208804131
        ],
        "bppix": [
            0.21159668619763164,
            0.3350864184404629,
            0.4812839263782544,
            0.690704532184302,
            0.9678750334014601,
            1.284076305136124,
            1.7382458903064806,
            2.3300658445858806
        ],