{
    "192": {
        "lambda": [
            16,
            32,
            64,
            128,
            256,
            512,
            1024,
            2048
        ],
        "loss": [
            0.1956879551211993,
            0.276667121052742,
            0.35910034577051797,
            0.485218720138073,
            0.6338848501443863,
            0.8210540612538656,
            1.095276442170143,
            1.4212676028410594
        ],
        "kl": [
            0.086260058482488,
            0.13299367024252812,
            0.1882580613096555,
            0.26404552248617014,
            0.3612134421865145,
            0.46603525554140407,
            0.6067242468396823,
            0.7826807027061781
        ],
        "mse": [
            0.10942789676288764,
            0.1436734538525343,
            0.17084228383998076,
            0.22117319578925768,
            0.27267140075564383,
            0.35501880397399266,
            0.48855219731728233,
            0.6385869021217029
        ],
        "bppix": [
            0.37334087579843217,
            0.5756079255855523,
            0.8147969143764314,
            1.1428114975791988,
            1.5633625252347505,
            2.017040256147013,
            2.625954186308103,
            3.387508705181076
        ],
        "psnr": [
            27.985410507097647,
            29.873518836902214,
            32.11155599812566,
            34.0761286321516,
            36.24788168990452,
            38.256954972724216,
            40.00815501385939,
            41.90170653588532
        ],
        "ms-ssim": [
            0.9655826528867085,
            0.9791499396165212,
            0.9876676042874654,
            0.9921172658602396,
            0.9954353471597036,
            0.9971623659133911,
            0.99814266761144,
            0.9988186577955882
        ]
    },
    "256": {
        "lambda": [
            16,
            32,
            64,
            128,
            256,
            512,
            1024,
            2048
        ],
        "loss": [
            0.18540323078632354,
            0.2604499991983175,
            0.33862266341845193,
            0.4575770184397697,
            0.5967434252301852,
            0.7741916735967,
            1.031856769323349,
            1.339796906709671
        ],
        "kl": [
            0.08127313411484162,
            0.12572046167527637,
            0.1778331640486916,
            0.25020914201935135,
            0.34330870608488717,
            0.4452925811211268,
            0.5828087573250135,
            0.7548079987366995
        ],
        "mse": [
            0.1041300947467486,
            0.13472953612605731,
            0.16078949893514316,
            0.2073678729434808,
            0.25343471926947436,
            0.3288990971942743,
            0.4490480033059915,
            0.5849889039993286
        ],
        "bppix": [
            0.35175704263495683,
            0.5441288597915767,
            0.7696770716359228,
            1.0829264651292017,
            1.4858693032880201,
            1.9272641955842886,
            2.5224459119383686,
            3.2668732698022778
        ],
        "psnr": [
            28.203581184335462,
            30.15520970925254,
            32.36275690540694,
            34.318180442143124,
            36.539193395574735,
            38.537844938700054,
            40.30093662314069,
            42.189292450159776
        ],
        "ms-ssim": [
            0.9651551306247711,
            0.9790370146433512,
            0.9872693955898285,
            0.9918963511784872,
            0.9953183770179749,
            0.9970492243766784,
            0.9980692028999328,
            0.9987660050392151
        ]
    },
    "384": {
        "lambda": [
            16,
            32,
            64,
            128,
            256,
            512,
            1024,
            2048
        ],
        "loss": [
            0.1502442347506682,
            0.2113550302882989,
            0.27656901106238363,
            0.3728352834781011,
            0.4893357867995898,
            0.6331514433026314,
            0.8438394020001093,
            1.1031359056631724
        ],
        "kl": [
            0.06482659690082074,
            0.10106176249682904,
            0.14313634801656008,
            0.20300516237815222,
            0.28294495654602847,
            0.3716485515236855,
            0.49345811108748117,
            0.6476430051028729
        ],
        "mse": [
            0.08541763698061307,
            0.11029326766729355,
            0.13343266099691392,
            0.16983011874059836,
            0.20639082913597426,
            0.2615028960009416,
            0.3503812956313292,
            0.4554928998152415
        ],
        "bppix": [
            0.28057502959956576,
            0.43740391073302043,
            0.619506298363344,
            0.8786236231134568,
            1.2246098569604955,
            1.6085265667103628,
            2.135728709257033,
            2.8030540551850214
        ],
        "psnr": [
            29.062153912021632,
            31.00241187170019,
            33.13441803389157,
            35.12656295987207,
            37.354563978078694,
            39.40080816436639,
            41.200132421480745,
            43.066099568418394
        ],
        "ms-ssim": [
            0.9618791460990905,
            0.9770457883675893,
            0.9853391786416371,
            0.9907281120618184,
            0.9947039087613424,
            0.9966913163661957,
            0.9978256205717723,
            0.9985736966133117
        ]
    },
    "512": {
        "lambda": [
            16,
            32,
            64,
            128,
            256,
            512,
            1024,
            2048
        ],
        "loss": [
            0.1365176477159063,
            0.19206167260805765,
            0.25304214333494507,
            0.3427656225860119,
            0.4474491856992245,
            0.5791817262768746,
            0.7721893707911174,
            1.0151501446962357
        ],
        "kl": [
            0.05832662217629452,
            0.09131838612568875,
            0.12994593847543,
            0.18641781564801932,
            0.25944651464621227,
            0.34192335965732734,
            0.4567942447960377,
            0.603965821613868
        ],
        "mse": [
            0.07819102580348651,
            0.10074328624953827,
            0.12309620243807634,
            0.15634780873854956,
            0.18800267477830251,
            0.23725836351513863,
            0.3153951272368431,
            0.41118431637684505
        ],
        "bppix": [
            0.25244258569663314,
            0.395233748416544,
            0.5624170830664957,
            0.8068321745062512,
            1.1229066001680488,
            1.479873406025159,
            1.9770443750215883,
            2.6140154871262666
        ],
        "psnr": [
            29.458950852028586,
            31.40416630224831,
            33.44935730050195,
            35.43644643227573,
            37.703629223814495,
            39.73982437949585,
            41.5502388760266,
            43.40446012123126
        ],
        "ms-ssim": [
            0.9606516937414805,
            0.9759152889251709,
            0.9842946588993072,
            0.9901125311851502,
            0.9943651755650839,
            0.9964466432730357,
            0.9976488053798676,
            0.9984337627887726
        ]
    },
    "768": {
        "lambda": [
            16,
            32,
            64,
            128,
            256,
            512,
            1024,
            2048
        ],