{
    "bpp": [
        0.1502926630204256,
        0.23697107613874974,
        0.3464432089486463,
        0.5565858116278833,
        0.7798161118436595,
        1.0775502396305554,
        1.5165154905598677,
        2.097849074650474
    ],
    "psnr": [
        30.671954675194506,
        32.712626699449274,
        34.13184941169764,
        35.978258791157984,
        38.244341449633005,
        40.24360002106784,
        42.10725103993344,
        44.08143609631291
    ]
}