{
    "lambda": [
        16,
        32,
        64,
        128,
        256,
        512,
        1024,
        2048
    ],
    "bpp": [
        0.15405539875729268,
        0.243159360888496,
        0.3545747602338431,
        0.5406544512447168,
        0.7977373321617817,
        1.101832756775888,
        1.5502786625667409,
        2.1437940749558075
    ],
    "mse": [
        0.0009156157233519479,
        0.0005797602910509644,
        0.00040532083755048613,
        0.0002476226979827819,
        0.00015648512368594917,
        9.90724227449391e-05,
        6.510588209494018e-05,
        4.162249654958335e-05
    ],
    "psnr": [
        30.67195505466272,
        32.712626423615454,
        34.13184932414146,
        36.287993094823335,
        38.24434145616606,
        40.24359938101704,
        42.10725149102118,
        44.08143561310498
    ]
}