{
    "loss": [
        0.09289342363675436,
        0.12832989133894443,
        0.18295338799556096,
        0.26305408403277397,
        0.3389308626453082,
        0.44976384689410526,
        0.6144099752108256,
        0.8228044301271439
    ],
    "kl": [
        0.034724978543817994,
        0.05475194443327685,
        0.08004537783563137,
        0.1285986286898454,
        0.1801757797598839,
        0.24896697017053762,
        0.3503894788523515,
        0.48470605711142223
    ],
    "mse": [
        0.058168444844583674,
        0.07357794623821974,
        0.10290800941487153,
        0.13445545434951783,
        0.1587550848722458,
        0.20079688007632893,
        0.2640204943716526,
        0.33809837847948077
    ],
    "bpp-estimated": [
        0.1502926630204256,
        0.23697107613874974,
        0.3464432089486463,
        0.5565858116278833,
        0.7798161118436595,
        1.0775502396305554,
        1.5165154905598677,
        2.097849074650474
    ],
    "bpp": [
        0.15061746101013834,
        0.23772927370938388,
        0.34663293981663273,
        0.552779683369733,
        0.7796795763234593,
        1.0768590968047298,
        1.5150081045570163,
        2.094874028662084
    ],
    "psnr": [
        30.671954675194506,
        32.712626699449274,
        34.13184941169764,
        35.978258791157984,
        38.244341449633005,
        40.24360002106784,
        42.10725103993344,
        44.08143609631291
    ]
}