{
    "quality": [
        47,
        42,
        37,
        32,
        27,
        22
    ],
    "bpp": [
        0.04476168813125562,
        0.10094256871076485,
        0.2095155765364952,
        0.40488087853860294,
        0.7534690980766953,
        1.3131107637074992,
        2.2441831233027956,
        3.5552199569968956
    ],
    "psnr": [
        26.99031591474579,
        29.450951890514798,
        32.047743071911384,
        34.792227547501994,
        37.71054110161212,
        40.690214317358404,
        43.77898960739811,
        46.68237562356176
    ]
}