{
    "bpp": [
        0.18329450819227433,
        0.3011305067274305,
        0.4519085354275174,
        0.6753107706705729,
        0.9539557562934028,
        1.2865244547526042,
        1.7479197184244795,
        2.3566411336263022
    ],
    "psnr": [
        30.020769516626995,
        31.979917128880818,
        33.89624762535095,
        35.85957543055216,
        38.16471370061239,
        40.26022084554037,
        42.24872334798177,
        44.355666637420654
    ]
}