{
    "bpp": [
        0.18396589491102433,
        0.3018018934461805,
        0.4525799221462674,
        0.6759821573893229,
        0.9546271430121528,
        1.2871958414713542,
        1.7485911051432295,
        2.3573125203450522
    ],
    "psnr": [
        30.01786692937215,
        31.97380272547404,
        33.88750068346659,
        35.849589347839355,
        38.14332580566406,
        40.22931718826294,
        42.21028995513916,
        44.313577810923256
    ]
}