{
    "lambda": [
        16,
        32,
        64,
        128,
        256,
        512,
        1024,
        2048
    ],
    "bpp": [
        0.18352423773871532,
        0.3012525770399305,
        0.4520094129774305,
        0.6738866170247396,
        0.9540642632378473,
        1.2869720458984375,
        1.7481401231553821,
        2.356590270996094
    ],
    "mse": [
        0.0010628194553040278,
        0.0006740993970500616,
        0.0004231892283617829,
        0.00025323149566247594,
        0.00015583464543548567,
        9.549452806822956e-05,
        6.0153303365950705e-05,
        3.690712143603984e-05
    ],
    "psnr": [
        30.021046367838007,
        31.980103415765328,
        33.89865291384076,
        36.11260452264502,
        38.16495983637052,
        40.261370944043925,
        42.24784423687213,
        44.354944749072935
    ]
}